time,seconds_elapsed,qz,qy,qx,qw,roll,pitch,yaw
1760467546423706000,0.1687060546875,0.3951185643672943,-0.46666455268859863,-0.18559329211711884,0.7691947817802429,-0.8562299609184265,0.7132439613342285,-0.6122595071792603
1760467546440468500,0.185468505859375,0.4024096131324768,-0.4797668755054474,-0.1809617131948471,0.7583819031715393,-0.8872016668319702,0.7216200232505798,-0.6208466291427612
1760467546457218600,0.202218505859375,0.40969932079315186,-0.4953955113887787,-0.17457695305347443,0.7458235025405884,-0.925919771194458,0.7292808294296265,-0.6281083226203918
1760467546473983200,0.218983154296875,0.4175868034362793,-0.5155520439147949,-0.16584067046642303,0.7296056151390076,-0.9780600070953369,0.7376788854598999,-0.6339567303657532
1760467546490748200,0.235748046875,0.427415668964386,-0.5396980047225952,-0.15468378365039825,0.708600640296936,-1.0420585870742798,0.7485386729240417,-0.6420661807060242
1760467546507530000,0.252530029296875,0.4381152391433716,-0.5640112161636353,-0.1423225998878479,0.6853399276733398,-1.108277678489685,0.7604982852935791,-0.6526371836662292
1760467546524313000,0.26931298828125,0.4493614733219147,-0.5874220728874207,-0.13114607334136963,0.6601592898368835,-1.1741645336151123,0.7769169807434082,-0.6635974049568176
1760467546541050000,0.286050048828125,0.46372172236442566,-0.609726071357727,-0.12046777456998825,0.6314141154289246,-1.2381128072738647,0.800373911857605,-0.6814422011375427
1760467546557850600,0.3028505859375,0.4802500605583191,-0.6312410235404968,-0.1080133318901062,0.5993561148643494,-1.3021736145019531,0.8268236517906189,-0.7058876752853394
1760467546574571300,0.3195712890625,0.49767589569091797,-0.6495524048805237,-0.09702905267477036,0.5665560960769653,-1.3592369556427002,0.8579109907150269,-0.7335475087165833
1760467546591368000,0.336367919921875,0.5167344212532043,-0.6603704690933228,-0.09223464876413345,0.537018895149231,-1.3922334909439087,0.8971238136291504,-0.7675089240074158
1760467546608126500,0.35312646484375,0.5361364483833313,-0.6717140078544617,-0.0982666164636612,0.501698911190033,-1.4339778423309326,0.9594242572784424,-0.7855722308158875
1760467546624886800,0.36988671875,0.547315776348114,-0.6870334148406982,-0.11763593554496765,0.4632411003112793,-1.5151307582855225,1.0373034477233887,-0.7467676401138306
1760467546641630700,0.386630615234375,0.5556399822235107,-0.6950327754020691,-0.13581936061382294,0.43559929728507996,-1.577472448348999,1.0988863706588745,-0.7069839835166931
1760467546658417000,0.4034169921875,0.570645272731781,-0.6960597038269043,-0.1392432153224945,0.4128877818584442,-1.5894911289215088,1.1418150663375854,-0.730002760887146
1760467546675180000,0.420179931640625,0.5919115543365479,-0.6891055107116699,-0.13168780505657196,0.39677780866622925,-1.5309556722640991,1.1687971353530884,-0.8281041979789734
1760467546691914500,0.43691455078125,0.61192387342453,-0.6759089231491089,-0.12552984058856964,0.39107367396354675,-1.4257574081420898,1.1820697784423828,-0.952855110168457
1760467546708710000,0.4537099609375,0.6266449689865112,-0.661455512046814,-0.12738388776779175,0.3918752074241638,-1.3184645175933838,1.1912497282028198,-1.0567424297332764
1760467546725441000,0.47044091796875,0.6340823769569397,-0.6448068618774414,-0.14193232357501984,0.402515709400177,-1.209449052810669,1.1998404264450073,-1.1271840333938599
1760467546742207200,0.487207275390625,0.6339716911315918,-0.6199102401733398,-0.17672504484653473,0.4272698760032654,-1.0658310651779175,1.2140259742736816,-1.1779605150222778
1760467546758999800,0.503999755859375,0.6222021579742432,-0.5980555415153503,-0.2195458561182022,0.4549657702445984,-0.9636248350143433,1.2345341444015503,-1.1680467128753662
1760467546775734000,0.520734130859375,0.6055145263671875,-0.5767011046409607,-0.2575782537460327,0.48417094349861145,-0.8839760422706604,1.2463444471359253,-1.1369374990463257
1760467546792501200,0.537501220703125,0.6053904891014099,-0.5596620440483093,-0.26237016916275024,0.501440703868866,-0.801500141620636,1.2248479127883911,-1.1794865131378174
1760467546809260500,0.554260498046875,0.6066967844963074,-0.5604009628295898,-0.2555706799030304,0.502547025680542,-0.8094199895858765,1.2135390043258667,-1.1800202131271362
1760467546826016000,0.57101611328125,0.6065202355384827,-0.5653489828109741,-0.2505866289138794,0.49972009658813477,-0.8375179171562195,1.2117648124694824,-1.1650731563568115
1760467546842797600,0.587797607421875,0.60655277967453,-0.5670447945594788,-0.23268118500709534,0.5063728094100952,-0.8654384016990662,1.1771900653839111,-1.1521621942520142
1760467546859576300,0.604576416015625,0.6079444289207458,-0.5693334341049194,-0.22480233013629913,0.5056945085525513,-0.8788396716117859,1.1670836210250854,-1.152044415473938
1760467546876339700,0.621339599609375,0.6066268682479858,-0.576479971408844,-0.2222258746623993,0.5002901554107666,-0.9145554900169373,1.1726242303848267,-1.1305458545684814
1760467546893058600,0.63805859375,0.6076256632804871,-0.5770286917686462,-0.22172129154205322,0.49866706132888794,-0.9144089818000793,1.1741584539413452,-1.1344764232635498
1760467546909866200,0.6548662109375,0.610586404800415,-0.5726706385612488,-0.2240050584077835,0.4990535378456116,-0.8852857351303101,1.1755735874176025,-1.1592614650726318
1760467546926600700,0.6716005859375,0.6119803190231323,-0.5694688558578491,-0.22811998426914215,0.49914586544036865,-0.8634200096130371,1.1803460121154785,-1.1745924949645996
1760467546943367000,0.688366943359375,0.6107631921768188,-0.5674513578414917,-0.23409995436668396,0.5001646280288696,-0.852120578289032,1.1872245073318481,-1.174863338470459
1760467546960130800,0.705130859375,0.6104939579963684,-0.56477952003479,-0.23794229328632355,0.501701831817627,-0.8374699950218201,1.189925193786621,-1.1806976795196533
1760467546976895200,0.721895263671875,0.6113467216491699,-0.5631276965141296,-0.24019016325473785,0.5014491081237793,-0.8250516653060913,1.192834734916687,-1.1900721788406372
1760467546993666000,0.738666015625,0.6125327944755554,-0.561729371547699,-0.242975115776062,0.5002267956733704,-0.8115531802177429,1.1978027820587158,-1.2015058994293213
1760467547010428200,0.75542822265625,0.6136592626571655,-0.5604799389839172,-0.24547100067138672,0.4990277588367462,-0.7989572286605835,1.2023307085037231,-1.2124311923980713
1760467547027212500,0.772212646484375,0.6147986054420471,-0.5592010617256165,-0.24729901552200317,0.49815675616264343,-0.7869548201560974,1.2053922414779663,-1.2231634855270386
1760467547043972000,0.78897216796875,0.6153122782707214,-0.5577960014343262,-0.24971671402454376,0.49789154529571533,-0.7756726145744324,1.2085442543029785,-1.2311458587646484
1760467547060736000,0.805736083984375,0.6153992414474487,-0.5563294291496277,-0.25277966260910034,0.497879296541214,-0.7645341157913208,1.2123326063156128,-1.2375210523605347
1760467547077499400,0.82249951171875,0.614630401134491,-0.5565193891525269,-0.25441113114356995,0.49778568744659424,-0.7654895186424255,1.2150647640228271,-1.2342565059661865
1760467547094261800,0.83926171875,0.6084316372871399,-0.5631604790687561,-0.25179946422576904,0.4992576837539673,-0.8197901248931885,1.2131259441375732,-1.1816775798797607
1760467547111026000,0.85602587890625,0.6084656715393066,-0.5630097985267639,-0.2528085708618164,0.4988761842250824,-0.8176392316818237,1.2150436639785767,-1.1829791069030762
1760467547127789000,0.8727890625,0.6087033748626709,-0.5623517632484436,-0.25407320261001587,0.4986858069896698,-0.8122269511222839,1.216861605644226,-1.1867660284042358
1760467547144549600,0.889549560546875,0.608333170413971,-0.5612788796424866,-0.2562241852283478,0.4992454946041107,-0.8060429692268372,1.2189171314239502,-1.188554048538208
1760467547161318700,0.906318603515625,0.6065627932548523,-0.5602132678031921,-0.25921496748924255,0.5010491013526917,-0.8039394021034241,1.2207822799682617,-1.1826633214950562
1760467547178036500,0.923036376953125,0.6043154001235962,-0.5599387884140015,-0.26076632738113403,0.503261923789978,-0.809051513671875,1.220370888710022,-1.1710454225540161
1760467547194837200,0.939837158203125,0.6015940308570862,-0.5619474649429321,-0.26031965017318726,0.5045130848884583,-0.8283316493034363,1.2191236019134521,-1.1502373218536377
1760467547211611100,0.956611083984375,0.5979514718055725,-0.5648185610771179,-0.26043909788131714,0.5055744051933289,-0.8539237380027771,1.2191615104675293,-1.1226189136505127
1760467547228344300,0.97334423828125,0.5948995351791382,-0.5673162937164307,-0.2596448063850403,0.5067852735519409,-0.8766526579856873,1.2172787189483643,-1.0989519357681274
1760467547245132000,0.990132080078125,0.5927280783653259,-0.5705475807189941,-0.25658708810806274,0.5072592496871948,-0.9015173316001892,1.2130018472671509,-1.0780259370803833
1760467547261892000,1.00689208984375,0.5915506482124329,-0.5732223987579346,-0.252360463142395,0.5077383518218994,-0.9209688901901245,1.2067010402679443,-1.0642614364624023
1760467547278661400,1.023661376953125,0.5917046070098877,-0.5750812292098999,-0.246808722615242,0.5081856846809387,-0.9329684972763062,1.198256015777588,-1.0599958896636963
1760467547295422000,1.040421875,0.5925383567810059,-0.576773464679718,-0.24089498817920685,0.5081342458724976,-0.9421538710594177,1.1899080276489258,-1.0600006580352783
1760467547312185000,1.05718505859375,0.5924462080001831,-0.5780295729637146,-0.23679479956626892,0.5087412595748901,-0.9506861567497253,1.1832454204559326,-1.056612491607666
1760467547328948200,1.0739482421875,0.5887010097503662,-0.5802083611488342,-0.23169469833374023,0.5129396319389343,-0.9734033346176147,1.1702017784118652,-1.0337783098220825
1760467547345685000,1.09068505859375,0.5855273604393005,-0.5811215043067932,-0.2298697829246521,0.5163481831550598,-0.9863710999488831,1.1627825498580933,-1.017127275466919
1760467547362475000,1.10747509765625,0.5822718739509583,-0.5818455219268799,-0.2287253439426422,0.519711434841156,-0.9979478120803833,1.15631902217865,-1.0008782148361206
1760467547379199500,1.124199462890625,0.5736274123191833,-0.5869230628013611,-0.2183694839477539,0.5280035138130188,-1.0421866178512573,1.1289180517196655,-0.9563595056533813
1760467547395975200,1.14097509765625,0.5662301182746887,-0.5905447006225586,-0.2091291844844818,0.5356355905532837,-1.073103666305542,1.1035288572311401,-0.9244401454925537
1760467547412758800,1.1577587890625,0.5560030341148376,-0.5980845093727112,-0.20113909244537354,0.5410164594650269,-1.1224976778030396,1.0816041231155396,-0.8761239647865295
1760467547429486800,1.17448681640625,0.5483955144882202,-0.6036356687545776,-0.19575223326683044,0.5445801019668579,-1.1566733121871948,1.0659891366958618,-0.8425630331039429
1760467547446263000,1.191262939453125,0.5403187274932861,-0.6089425086975098,-0.19076676666736603,0.5485004782676697,-1.1887048482894897,1.0497872829437256,-0.8096511363983154
1760467547463057400,1.208057373046875,0.5325759053230286,-0.6128909587860107,-0.18736615777015686,0.5528305768966675,-1.2134226560592651,1.0352410078048706,-0.7807767987251282
1760467547479796500,1.22479638671875,0.5265848636627197,-0.6148648262023926,-0.18431401252746582,0.5573850274085999,-1.2269277572631836,1.0217541456222534,-0.7622146010398865
1760467547496558800,1.241558837890625,0.5225954055786133,-0.6144397258758545,-0.18170833587646484,0.5624411702156067,-1.227997064590454,1.009577751159668,-0.7545809149742126
1760467547513344500,1.258344482421875,0.521282970905304,-0.6139560341835022,-0.17765775322914124,0.5654730200767517,-1.2257550954818726,0.9991490840911865,-0.7566288709640503
1760467547530073600,1.275073486328125,0.5205854773521423,-0.616192638874054,-0.1720704287290573,0.5654106140136719,-1.23374342918396,0.9902129173278809,-0.7568617463111877
1760467547546871600,1.29187158203125,0.5196323394775391,-0.6183512210845947,-0.165989488363266,0.5657486915588379,-1.2414509057998657,0.9799100160598755,-0.7572466135025024
1760467547563609300,1.308609375,0.5178996324539185,-0.6187039017677307,-0.16101565957069397,0.5683831572532654,-1.242832899093628,0.9682412147521973,-0.7576730251312256
1760467547580361000,1.32536083984375,0.5164730548858643,-0.61702561378479,-0.1591876894235611,0.5720090866088867,-1.2368098497390747,0.9604817628860474,-0.7589665651321411
1760467547597161500,1.342161376953125,0.5159164071083069,-0.6155046224594116,-0.16136299073696136,0.5735385417938232,-1.2318183183670044,0.9617494344711304,-0.7576733231544495
1760467547613900800,1.35890087890625,0.5168163180351257,-0.6161432862281799,-0.16461852192878723,0.5711121559143066,-1.2345058917999268,0.970020055770874,-0.7551966905593872
1760467547630665500,1.37566552734375,0.5202862024307251,-0.6189876198768616,-0.16683731973171234,0.564200222492218,-1.2437632083892822,0.9833536148071289,-0.7568356394767761
1760467547647451600,1.39245166015625,0.5262229442596436,-0.6209726929664612,-0.1702365130186081,0.5554293990135193,-1.2479732036590576,1.0021837949752808,-0.7655899524688721
1760467547664209700,1.409209716796875,0.5328335165977478,-0.6205371618270874,-0.17622514069080353,0.5476923584938049,-1.2421458959579468,1.0242416858673096,-0.7784363627433777
1760467547680973300,1.425973388671875,0.5397995710372925,-0.6172980070114136,-0.1841079741716385,0.5419077277183533,-1.2237428426742554,1.0470937490463257,-0.7971381545066833
1760467547697735000,1.44273486328125,0.5447146892547607,-0.6161619424819946,-0.19663454592227936,0.5338212847709656,-1.2179663181304932,1.0783953666687012,-0.8003587126731873
1760467547714504200,1.459504150390625,0.5501910448074341,-0.6111551523208618,-0.20989097654819489,0.5288904309272766,-1.1930583715438843,1.1073626279830933,-0.8153913617134094
1760467547731254500,1.476254638671875,0.5550662875175476,-0.6068423986434937,-0.2190982550382614,0.5250140428543091,-1.1688443422317505,1.1284151077270508,-0.8335229158401489
1760467547748012300,1.49301220703125,0.5631433725357056,-0.6043813228607178,-0.22975091636180878,0.514594316482544,-1.1470046043395996,1.1609039306640625,-0.8594542145729065
1760467547764772400,1.5097724609375,0.5726011991500854,-0.6006471514701843,-0.23345208168029785,0.5068047642707825,-1.1101746559143066,1.1797003746032715,-0.9056903123855591
1760467547781535000,1.526534912109375,0.5800744891166687,-0.5979304909706116,-0.23408105969429016,0.5011973977088928,-1.079540491104126,1.1898953914642334,-0.9460443258285522
1760467547798323200,1.5433232421875,0.5846458673477173,-0.5945827960968018,-0.23649612069129944,0.4987284541130066,-1.0511667728424072,1.1975140571594238,-0.9754157662391663
1760467547815071200,1.5600712890625,0.5859525799751282,-0.5902592539787292,-0.24215775728225708,0.49961310625076294,-1.0248751640319824,1.204606056213379,-0.9914225935935974
1760467547831805200,1.57680517578125,0.5848451256752014,-0.58633953332901,-0.2481834441423416,0.502560555934906,-1.006639838218689,1.2090779542922974,-0.9948905110359192
1760467547848584000,1.593583984375,0.586159884929657,-0.5844076871871948,-0.24733664095401764,0.5036951899528503,-0.9935166835784912,1.2062267065048218,-1.0071862936019897
1760467547865374500,1.61037451171875,0.586937665939331,-0.5823791027069092,-0.24449196457862854,0.5065199136734009,-0.9824819564819336,1.1980221271514893,-1.0172730684280396
1760467547882118000,1.627117919921875,0.5862612724304199,-0.5807732939720154,-0.23855805397033691,0.5119473934173584,-0.9792245626449585,1.1816364526748657,-1.019366979598999
1760467547898899700,1.643899658203125,0.5860410928726196,-0.5818538069725037,-0.2282322645187378,0.515666663646698,-0.989078164100647,1.1614068746566772,-1.018211841583252
1760467547915668000,1.66066796875,0.5862274169921875,-0.5859304070472717,-0.21816673874855042,0.5151954293251038,-1.0107289552688599,1.1475828886032104,-1.0127288103103638
1760467547932425000,1.677425048828125,0.586908221244812,-0.5914049744606018,-0.21134795248508453,0.5109903216362,-1.035859227180481,1.143753170967102,-1.0058473348617554
1760467547949162200,1.694162353515625,0.584601640701294,-0.5965684652328491,-0.20836618542671204,0.5088523030281067,-1.0648963451385498,1.1422361135482788,-0.9852886199951172
1760467547965913000,1.7109130859375,0.5805953145027161,-0.5992130041122437,-0.20797552168369293,0.5104891061782837,-1.0852752923965454,1.138817310333252,-0.962343692779541
1760467547982688000,1.72768798828125,0.5778021812438965,-0.600806474685669,-0.20703278481960297,0.5121657848358154,-1.0981523990631104,1.134598970413208,-0.9476549625396729
1760467547999455000,1.744455078125,0.5758585333824158,-0.6031058430671692,-0.2049170285463333,0.5125030279159546,-1.1124916076660156,1.1305543184280396,-0.9357841610908508
1760467548016256000,1.761256103515625,0.5739267468452454,-0.606640636920929,-0.2022220492362976,0.5115677714347839,-1.1323503255844116,1.1272493600845337,-0.9216296672821045
1760467548032998400,1.777998291015625,0.5731369853019714,-0.6073956489562988,-0.2000845968723297,0.5123971700668335,-1.1370455026626587,1.1227320432662964,-0.918532133102417
1760467548049763800,1.794763916015625,0.5729897618293762,-0.6049721240997314,-0.19979751110076904,0.5155313014984131,-1.126007080078125,1.118142008781433,-0.9241049885749817
1760467548066505000,1.8115048828125,0.570183515548706,-0.6008551716804504,-0.19773009419441223,0.5241819024085999,-1.1120331287384033,1.1028324365615845,-0.924673855304718
1760467548083269600,1.82826953125,0.5597407817840576,-0.6004170179367065,-0.1893838346004486,0.5388168692588806,-1.126161813735962,1.0680077075958252,-0.8943920135498047
1760467548100035300,1.845035400390625,0.5504176020622253,-0.6006873250007629,-0.18879428505897522,0.548244297504425,-1.140229344367981,1.051701307296753,-0.8623281717300415
1760467548116824300,1.86182421875,0.5410652756690979,-0.6011873483657837,-0.18614856898784637,0.5578269362449646,-1.1538608074188232,1.0318317413330078,-0.8331223726272583
1760467548133548800,1.878548828125,0.5316131711006165,-0.602659285068512,-0.17990215122699738,0.5672957301139832,-1.169676661491394,1.006338357925415,-0.8069174885749817
1760467548150327800,1.895327880859375,0.5225915908813477,-0.6043881177902222,-0.17111876606941223,0.5764819383621216,-1.1841940879821777,0.9772993922233582,-0.7859699130058289
1760467548167085000,1.9120849609375,0.5163971781730652,-0.6068887114524841,-0.16108953952789307,0.5822973847389221,-1.1977943181991577,0.951686441898346,-0.7745513916015625
1760467548183849700,1.928849609375,0.5134292840957642,-0.6128889918327332,-0.15196765959262848,0.5810880661010742,-1.2215834856033325,0.9373013377189636,-0.7660748958587646
1760467548200621300,1.945621337890625,0.5126370787620544,-0.618758499622345,-0.14501939713954926,0.577330470085144,-1.243291974067688,0.9303770661354065,-0.7618619203567505
1760467548217390300,1.962390380859375,0.5181754231452942,-0.6159729957580566,-0.14445890486240387,0.5755024552345276,-1.228286623954773,0.9350640177726746,-0.7820698022842407
1760467548234134800,1.979134765625,0.5171362161636353,-0.6165313124656677,-0.1400289088487625,0.5769325494766235,-1.2305660247802734,0.9260226488113403,-0.783182680606842
1760467548250901500,1.995901611328125,0.5162169337272644,-0.6170507669448853,-0.1405058205127716,0.5770845413208008,-1.2333022356033325,0.9260156154632568,-0.7793353796005249
1760467548267671000,2.012671142578125,0.5167616009712219,-0.6169741749763489,-0.14498057961463928,0.5755701065063477,-1.2333062887191772,0.9349174499511719,-0.7759804725646973
1760467548284456400,2.02945654296875,0.5195286870002747,-0.6178549528121948,-0.1498624086380005,0.570864737033844,-1.2354260683059692,0.9494390487670898,-0.7765460014343262
1760467548301219800,2.0462197265625,0.5224472880363464,-0.6286494135856628,-0.16268740594387054,0.5526134967803955,-1.2806988954544067,0.9911910891532898,-0.7488695979118347
1760467548317984000,2.06298388671875,0.528752326965332,-0.6301158666610718,-0.16822870075702667,0.5432072281837463,-1.2842230796813965,1.0143104791641235,-0.7562061548233032
1760467548334746000,2.07974609375,0.5351354479789734,-0.6287940740585327,-0.1763928234577179,0.5358485579490662,-1.2765417098999023,1.039240837097168,-0.7667627334594727
1760467548351510500,2.096510498046875,0.5365929007530212,-0.6321592330932617,-0.1894955039024353,0.5258653163909912,-1.298364281654358,1.0710883140563965,-0.7447309494018555
1760467548368244200,2.113244140625,0.5401337742805481,-0.6341063380241394,-0.20828300714492798,0.5126234292984009,-1.31968092918396,1.1164451837539673,-0.720706582069397
1760467548385015000,2.13001513671875,0.5455328822135925,-0.6295018196105957,-0.22062593698501587,0.5073909759521484,-1.3009625673294067,1.1450121402740479,-0.7312594652175903
1760467548401796900,2.146796875,0.5516048073768616,-0.6262578964233398,-0.2289980798959732,0.5010920166969299,-1.283690094947815,1.169081687927246,-0.7481381893157959
1760467548418541300,2.163541259765625,0.5543307662010193,-0.6281583905220032,-0.22513216733932495,0.49744337797164917,-1.2870323657989502,1.1690922975540161,-0.7575310468673706
1760467548435326000,2.180325927734375,0.5622443556785583,-0.6265357732772827,-0.22425757348537445,0.4909611940383911,-1.26571786403656,1.180341124534607,-0.7926249504089355
1760467548452077000,2.1970771484375,0.567306637763977,-0.6233513951301575,-0.2250160425901413,0.48883941769599915,-1.240031123161316,1.1870169639587402,-0.8213887810707092
1760467548468832300,2.213832275390625,0.5702634453773499,-0.6184592843055725,-0.22860342264175415,0.48994725942611694,-1.2094612121582031,1.1927207708358765,-0.8447282910346985
1760467548485601000,2.23060107421875,0.570146381855011,-0.6156532764434814,-0.23289665579795837,0.49159255623817444,-1.1964761018753052,1.1971580982208252,-0.848221480846405
1760467548502357000,2.24735693359375,0.570368230342865,-0.6151438355445862,-0.2347906082868576,0.4910718500614166,-1.19436514377594,1.2007625102996826,-0.8484312891960144
1760467548519118000,2.2641181640625,0.5708959102630615,-0.614223301410675,-0.23479853570461273,0.4916069507598877,-1.1880584955215454,1.2003679275512695,-0.8537768125534058
1760467548535916800,2.280916748046875,0.5719034075737,-0.6129499673843384,-0.2303173989057541,0.4941384196281433,-1.1763616800308228,1.19092857837677,-0.867667019367218
1760467548552669200,2.297669189453125,0.5708770751953125,-0.6126419901847839,-0.22202417254447937,0.4994743764400482,-1.172742247581482,1.1713522672653198,-0.8739233016967773
1760467548569455900,2.314455810546875,0.5669144988059998,-0.616424560546875,-0.21425403654575348,0.5027165412902832,-1.1960370540618896,1.1538705825805664,-0.8560807108879089
1760467548586192000,2.33119189453125,0.5638929009437561,-0.6225255131721497,-0.20756541192531586,0.5014014840126038,-1.229121446609497,1.143821358680725,-0.8352112770080566
1760467548602958600,2.34795849609375,0.5619339346885681,-0.6268775463104248,-0.2037692368030548,0.4997329115867615,-1.2524585723876953,1.1389342546463013,-0.8204435110092163
1760467548619731000,2.36473095703125,0.5602182745933533,-0.6284400820732117,-0.20344212651252747,0.4998299777507782,-1.26277494430542,1.137294054031372,-0.8103009462356567
1760467548636477200,2.381477294921875,0.5585540533065796,-0.6285913586616516,-0.20445960760116577,0.5010855197906494,-1.266430139541626,1.1363613605499268,-0.8026967644691467
1760467548653224000,2.398223876953125,0.5563325881958008,-0.6298438310623169,-0.20504795014858246,0.5017431378364563,-1.276304841041565,1.1350804567337036,-0.7905532717704773
1760467548670013200,2.41501318359375,0.5426313877105713,-0.6397773623466492,-0.19831469655036926,0.5068602561950684,-1.338062047958374,1.1092439889907837,-0.7280109524726868
1760467548686744800,2.431744873046875,0.5346821546554565,-0.6427003145217896,-0.19494737684726715,0.5128808617591858,-1.3570188283920288,1.0913496017456055,-0.7019885778427124
1760467548703539200,2.448539306640625,0.5260171890258789,-0.6430961489677429,-0.19362691044807434,0.5217679738998413,-1.3643786907196045,1.0729559659957886,-0.6789486408233643
1760467548720298200,2.46529833984375,0.5162191390991211,-0.6427981853485107,-0.19354012608528137,0.5318557620048523,-1.369591236114502,1.0542302131652832,-0.6535499095916748
1760467548737041000,2.482041015625,0.5052297115325928,-0.6420788168907166,-0.1923038214445114,0.5435963869094849,-1.3719534873962402,1.0311022996902466,-0.6290073394775391
1760467548753830000,2.498829833984375,0.49366769194602966,-0.6419122219085693,-0.18784722685813904,0.5558366179466248,-1.373949646949768,1.0021066665649414,-0.6080279350280762
1760467548770595000,2.515594970703125,0.4758644104003906,-0.6526533365249634,-0.17816494405269623,0.5620089173316956,-1.4219110012054443,0.9638780951499939,-0.5586845278739929
1760467548787354000,2.53235400390625,0.46613937616348267,-0.657957136631012,-0.16660204529762268,0.5674947500228882,-1.4385576248168945,0.9314584732055664,-0.5459954738616943
1760467548804119600,2.54911962890625,0.4652729034423828,-0.6626009941101074,-0.1608235239982605,0.5644615888595581,-1.4540259838104248,0.9241983294487,-0.5446116328239441
1760467548820854500,2.5658544921875,0.4611207842826843,-0.6666932106018066,-0.14847895503044128,0.5664290189743042,-1.462944507598877,0.8995671272277832,-0.5487176179885864
1760467548837649200,2.582649169921875,0.4596181809902191,-0.6686539053916931,-0.13841445744037628,0.5678861141204834,-1.464450478553772,0.8817587494850159,-0.5585035085678101
1760467548854383900,2.5993837890625,0.4596143364906311,-0.6696047186851501,-0.13217753171920776,0.5682546496391296,-1.4643726348876953,0.8721925020217896,-0.5668241381645203
1760467548871172600,2.616172607421875,0.4634460210800171,-0.6729613542556763,-0.13509033620357513,0.5604386925697327,-1.479258418083191,0.8870035409927368,-0.5638807415962219
1760467548887894500,2.63289453125,0.46390753984451294,-0.6763022541999817,-0.1370478719472885,0.555538535118103,-1.4945887327194214,0.894273042678833,-0.5552887916564941
1760467548904676900,2.6496767578125,0.4650953710079193,-0.678454577922821,-0.14152367413043976,0.5507782697677612,-1.5069881677627563,0.9059125781059265,-0.5458472967147827
1760467548921462500,2.666462646484375,0.47419315576553345,-0.678483247756958,-0.15572726726531982,0.5390271544456482,-1.5180506706237793,0.9464521408081055,-0.5386906862258911
1760467548938194700,2.683194580078125,0.4793471097946167,-0.676731526851654,-0.16533304750919342,0.5337844491004944,-1.5187135934829712,0.9707032442092896,-0.5350963473320007
1760467548954955300,2.699955322265625,0.4857896864414215,-0.6733202338218689,-0.17718809843063354,0.5284436941146851,-1.514340877532959,0.9999646544456482,-0.5335653424263
1760467548971756800,2.7167568359375,0.49263542890548706,-0.6697899103164673,-0.18915154039859772,0.5224114060401917,-1.510092854499817,1.0304961204528809,-0.5329091548919678
1760467548988476700,2.7334765625,0.49923431873321533,-0.6657301187515259,-0.20057301223278046,0.5170484185218811,-1.5029973983764648,1.0595237016677856,-0.5343888998031616
1760467549005275100,2.750275146484375,0.5061925649642944,-0.6614541411399841,-0.21118095517158508,0.5115175843238831,-1.4936919212341309,1.087982177734375,-0.5394474864006042
1760467549022013200,2.76701318359375,0.5149909257888794,-0.6592675447463989,-0.22232237458229065,0.5007228851318359,-1.4970073699951172,1.1236330270767212,-0.5407509803771973
1760467549038801400,2.783801513671875,0.5243552327156067,-0.6562263369560242,-0.22817936539649963,0.49229347705841064,-1.485944390296936,1.1502201557159424,-0.5597758889198303
1760467549055536000,2.8005361328125,0.5333357453346252,-0.6529772877693176,-0.23115110397338867,0.4855336546897888,-1.466971516609192,1.170577049255371,-0.5877231359481812
1760467549072307200,2.81730712890625,0.5406988263130188,-0.647227942943573,-0.2324095517396927,0.4844858646392822,-1.4276602268218994,1.181322693824768,-0.6279768347740173
1760467549089090000,2.834090087890625,0.5441523790359497,-0.6397148370742798,-0.2356415092945099,0.4890155494213104,-1.3821824789047241,1.1854530572891235,-0.6608572006225586
1760467549105856800,2.850856689453125,0.542935311794281,-0.6344342231750488,-0.2416764199733734,0.4942742586135864,-1.3596689701080322,1.1885319948196411,-0.6646095514297485
1760467549122622000,2.8676220703125,0.5391423106193542,-0.6328028440475464,-0.24446740746498108,0.4991210103034973,-1.3578410148620605,1.1846815347671509,-0.6529614925384521
1760467549139341000,2.884341064453125,0.5391969680786133,-0.631334662437439,-0.24481531977653503,0.5007480978965759,-1.349216103553772,1.1837000846862793,-0.6580919027328491
1760467549156124000,2.9011240234375,0.5404472351074219,-0.6285536885261536,-0.24174365401268005,0.5043779015541077,-1.3263957500457764,1.1764827966690063,-0.6790474057197571
1760467549172912000,2.917912109375,0.5399658679962158,-0.6272008419036865,-0.23383350670337677,0.5102723240852356,-1.308912754058838,1.1579228639602661,-0.697559654712677
1760467549189630000,2.9346298828125,0.5350911617279053,-0.6324716806411743,-0.22564049065113068,0.5125851035118103,-1.3341540098190308,1.1389151811599731,-0.6798058748245239
1760467549206401000,2.951401123046875,0.5292688012123108,-0.6409612894058228,-0.21880541741847992,0.5110453367233276,-1.3782089948654175,1.1246591806411743,-0.6480826735496521
1760467549223201800,2.968201904296875,0.5247799754142761,-0.646704912185669,-0.21429960429668427,0.5103473663330078,-1.4075064659118652,1.1140450239181519,-0.6261600255966187
1760467549239945000,2.984945068359375,0.5213789343833923,-0.6489810347557068,-0.21273860335350037,0.5115955471992493,-1.4201323986053467,1.107093095779419,-0.6130610108375549
1760467549256725500,3.0017255859375,0.5185941457748413,-0.6488707661628723,-0.21320614218711853,0.5143637657165527,-1.4217677116394043,1.1024858951568604,-0.6052104234695435
1760467549273496000,3.01849609375,0.5163127779960632,-0.6483451128005981,-0.2131616622209549,0.5173314213752747,-1.4201360940933228,1.0974507331848145,-0.6010727882385254
1760467549290237700,3.03523779296875,0.5137308239936829,-0.6490390300750732,-0.2110372930765152,0.519896388053894,-1.4225081205368042,1.0892888307571411,-0.5966963768005371
1760467549307018800,3.052018798828125,0.5079660415649414,-0.6517846584320068,-0.20726051926612854,0.5236319899559021,-1.4351184368133545,1.0742337703704834,-0.5817930698394775
1760467549323780000,3.068780029296875,0.4942033588886261,-0.653845489025116,-0.1916980743408203,0.5399084091186523,-1.4332997798919678,1.0222128629684448,-0.5735580921173096
1760467549340529400,3.085529296875,0.4821879267692566,-0.6534407138824463,-0.18253955245018005,0.5542465448379517,-1.4270037412643433,0.9836161732673645,-0.5635383725166321
1760467549357305600,3.1023056640625,0.4705355167388916,-0.6530012488365173,-0.17699749767780304,0.5664429664611816,-1.424396276473999,0.9527957439422607,-0.5480886697769165
1760467549374075400,3.119075439453125,0.4565492570400238,-0.655476450920105,-0.16926787793636322,0.5772883892059326,-1.4331917762756348,0.9172742366790771,-0.5259281396865845
1760467549390829600,3.13582958984375,0.4457348883152008,-0.6588678359985352,-0.1595735400915146,0.5845937728881836,-1.442761778831482,0.8850270509719849,-0.5131232142448425
1760467549407597600,3.15259765625,0.44258061051368713,-0.6639846563339233,-0.1535477638244629,0.5828120708465576,-1.4598273038864136,0.8737044930458069,-0.5074508190155029
1760467549424338200,3.169338134765625,0.44113612174987793,-0.6684351563453674,-0.14406466484069824,0.5812390446662903,-1.4713014364242554,0.8590368032455444,-0.5123767256736755
1760467549441090600,3.186090576171875,0.4411675035953522,-0.6705525517463684,-0.13241493701934814,0.5815470218658447,-1.4721088409423828,0.8415293097496033,-0.5277199149131775
1760467549457885700,3.2028857421875,0.44529011845588684,-0.6694254875183105,-0.12525533139705658,0.5812894105911255,-1.4626847505569458,0.8357449769973755,-0.5490546822547913
1760467549474655000,3.219655029296875,0.4504264295101166,-0.6703261733055115,-0.12675675749778748,0.575944185256958,-1.466020107269287,0.8478729724884033,-0.555514395236969
1760467549491401700,3.236401611328125,0.4515535235404968,-0.6710804104804993,-0.12771975994110107,0.5739670395851135,-1.4693498611450195,0.8521100878715515,-0.5549921989440918
1760467549508176100,3.253176025390625,0.4529474675655365,-0.6709794998168945,-0.1313830316066742,0.572157084941864,-1.4708670377731323,0.8605179190635681,-0.5521384477615356
1760467549524932600,3.2699326171875,0.45265811681747437,-0.6783937811851501,-0.1421079933643341,0.5609704256057739,-1.5089361667633057,0.8844990730285645,-0.5203341245651245
1760467549541703200,3.286703125,0.45617926120758057,-0.6787200570106506,-0.14808793365955353,0.5561559796333313,-1.5146825313568115,0.9010127782821655,-0.5161468982696533
1760467549558461000,3.3034609375,0.4604337513446808,-0.6781151294708252,-0.1559458076953888,0.5512183904647827,-1.518389105796814,0.9212769269943237,-0.5116094946861267
1760467549575237400,3.3202373046875,0.4656745493412018,-0.6751028299331665,-0.1646060049533844,0.5479856729507446,-1.5124194622039795,0.942720890045166,-0.5124716758728027
1760467549591999500,3.33699951171875,0.47165778279304504,-0.6706251502037048,-0.17369726300239563,0.5455548763275146,-1.5001548528671265,0.9651492834091187,-0.5175483226776123
1760467549608760000,3.353760009765625,0.47804492712020874,-0.6664485931396484,-0.18410104513168335,0.5416883230209351,-1.4905544519424438,0.9911118745803833,-0.5207234621047974
1760467549625524700,3.370524658203125,0.4863397181034088,-0.6641956567764282,-0.19404663145542145,0.533538818359375,-1.4894764423370361,1.0219218730926514,-0.524326503276825
1760467549642251300,3.387251220703125,0.49607688188552856,-0.6632729172706604,-0.2028283029794693,0.5223384499549866,-1.4939460754394531,1.0551186800003052,-0.5297370553016663
1760467549659046700,3.404046630859375,0.4987727403640747,-0.66429203748703,-0.20083549618721008,0.5192370414733887,-1.4958362579345703,1.057690143585205,-0.5370423197746277
1760467549675812000,3.42081201171875,0.5093125700950623,-0.663386881351471,-0.20345205068588257,0.5090441107749939,-1.4918184280395508,1.08194899559021,-0.5578415393829346
1760467549692549000,3.437549072265625,0.5194766521453857,-0.6618576049804688,-0.20194922387599945,0.5013033747673035,-1.4777971506118774,1.0975970029830933,-0.5898774266242981
1760467549709304600,3.4543046875,0.5272972583770752,-0.658867597579956,-0.2004883885383606,0.4976500868797302,-1.4556394815444946,1.1070526838302612,-0.6220113039016724
1760467549726076200,3.471076171875,0.5308176279067993,-0.6553744077682495,-0.20292815566062927,0.49753114581108093,-1.4373852014541626,1.1145094633102417,-0.6373816728591919
1760467549742838800,3.4878388671875,0.5298764705657959,-0.6522819399833679,-0.20989352464675903,0.49970388412475586,-1.429824709892273,1.12213134765625,-0.6305530071258545
1760467549759591200,3.504591064453125,0.5273827910423279,-0.6477878093719482,-0.21858856081962585,0.5044376850128174,-1.4179009199142456,1.1285507678985596,-0.620573878288269
1760467549776354800,3.521354736328125,0.5270929336547852,-0.6435127258300781,-0.22397315502166748,0.5078390836715698,-1.4012864828109741,1.1334214210510254,-0.6228822469711304
1760467549793141000,3.53814111328125,0.5286149978637695,-0.6405028104782104,-0.22265484929084778,0.510634183883667,-1.3811825513839722,1.1303210258483887,-0.6400284171104431
1760467549809904400,3.554904296875,0.5268983840942383,-0.6398587226867676,-0.21844467520713806,0.5150154829025269,-1.373513102531433,1.1181339025497437,-0.6456670761108398
1760467549826662100,3.571662109375,0.5215446949005127,-0.6444414258003235,-0.2145075798034668,0.51640385389328,-1.3974570035934448,1.105648159980774,-0.6242627501487732
1760467549843448300,3.5884482421875,0.518029510974884,-0.6507658958435059,-0.20845811069011688,0.514484703540802,-1.4261099100112915,1.0945650339126587,-0.6076071858406067
1760467549860192500,3.605192626953125,0.5161604881286621,-0.6547761559486389,-0.20468001067638397,0.5127890706062317,-1.4438321590423584,1.0883325338363647,-0.5983046889305115
1760467549876971300,3.62197119140625,0.5145404934883118,-0.6564009189605713,-0.2040548026561737,0.512589156627655,-1.4525467157363892,1.0858120918273926,-0.5906189680099487
1760467549893736700,3.63873681640625,0.5128391981124878,-0.6562764048576355,-0.20519351959228516,0.513996958732605,-1.454147219657898,1.0844922065734863,-0.5844647884368896
1760467549910498600,3.65549853515625,0.5109814405441284,-0.6570966839790344,-0.2053530514240265,0.5147350430488586,-1.459580421447754,1.0820735692977905,-0.5771252512931824
1760467549927261700,3.67226171875,0.5086153149604797,-0.6592671871185303,-0.2036292403936386,0.5149878859519958,-1.4698381423950195,1.0766205787658691,-0.5685442090034485
1760467549943983400,3.6889833984375,0.5016485452651978,-0.6636793613433838,-0.19777913391590118,0.5184224247932434,-1.4876190423965454,1.057099461555481,-0.5518133044242859
1760467549960788200,3.705788330078125,0.49416589736938477,-0.6676164269447327,-0.19509796798229218,0.5215604305267334,-1.5064468383789062,1.0418460369110107,-0.5296958088874817
1760467549977526000,3.722526123046875,0.4838941693305969,-0.6702912449836731,-0.19190412759780884,0.5288941264152527,-1.5177891254425049,1.019209384918213,-0.5073127746582031
1760467549994304000,3.739303955078125,0.47104722261428833,-0.6719151139259338,-0.18668606877326965,0.540178656578064,-1.521100640296936,0.9875789284706116,-0.48762550950050354
1760467550011077600,3.75607763671875,0.45739877223968506,-0.673038899898529,-0.17808492481708527,0.5532547831535339,-1.5182353258132935,0.9488516449928284,-0.4748973846435547
1760467550027841300,3.77284130859375,0.4439658522605896,-0.6753963232040405,-0.1658083200454712,0.5650148391723633,-1.5177693367004395,0.9060513973236084,-0.4670114815235138
1760467550044575700,3.78957568359375,0.43224865198135376,-0.6804207563400269,-0.15013915300369263,0.5724045634269714,-1.5261962413787842,0.8634709715843201,-0.46351999044418335
1760467550061371400,3.806371337890625,0.427653431892395,-0.685480535030365,-0.13614189624786377,0.5733187794685364,-1.5362144708633423,0.8366479873657227,-0.47051024436950684
1760467550078105900,3.82310595703125,0.42465707659721375,-0.6876650452613831,-0.1220598891377449,0.5760942697525024,-1.5353269577026367,0.8105694651603699,-0.4852539002895355
1760467550094897400,3.8398974609375,0.4248363971710205,-0.6864910125732422,-0.11167111992835999,0.5794599652290344,-1.524420142173767,0.7933549284934998,-0.5044432282447815
1760467550111658500,3.856658447265625,0.4232810139656067,-0.6859421730041504,-0.10298975557088852,0.5828462839126587,-1.5178526639938354,0.7764440774917603,-0.5162023305892944
1760467550128421600,3.873421630859375,0.43004387617111206,-0.6897831559181213,-0.1124337837100029,0.5715070366859436,-1.5373915433883667,0.8063814640045166,-0.5076202750205994
1760467550145181000,3.890180908203125,0.43097439408302307,-0.6928625702857971,-0.11653850227594376,0.5662342309951782,-1.5522066354751587,0.8171349763870239,-0.49749958515167236
1760467550161927700,3.906927734375,0.4338655173778534,-0.6973370909690857,-0.1258060485124588,0.5564661622047424,-1.5771123170852661,0.8407067656517029,-0.47903192043304443
1760467550178714600,3.923714599609375,0.4416753053665161,-0.6989656090736389,-0.1398918330669403,0.5447937846183777,-1.5962532758712769,0.8786156177520752,-0.4641123116016388
1760467550195439400,3.940439453125,0.4463724195957184,-0.6979286670684814,-0.14923064410686493,0.5397940278053284,-1.601014256477356,0.9013732671737671,-0.4566017687320709
1760467550212230100,3.957230224609375,0.452470064163208,-0.6948961019515991,-0.1607620120048523,0.5352997183799744,-1.5999455451965332,0.9288821220397949,-0.45104196667671204
1760467550229003500,3.97400341796875,0.4591088891029358,-0.6903893947601318,-0.17451150715351105,0.5311564803123474,-1.5955371856689453,0.9602128863334656,-0.44491198658943176
1760467550245738800,3.99073876953125,0.4657956063747406,-0.6848539710044861,-0.1910225749015808,0.5268015265464783,-1.5910823345184326,0.9959317445755005,-0.4349772334098816
1760467550262528800,4.00752880859375,0.4737878739833832,-0.6790683269500732,-0.208406001329422,0.5205364227294922,-1.5887218713760376,1.0361218452453613,-0.4252181649208069
1760467550279264500,4.024264404296875,0.48411548137664795,-0.6737496256828308,-0.22259634733200073,0.5120005011558533,-1.5854989290237427,1.0764607191085815,-0.4253748655319214
1760467550296029000,4.04102880859375,0.48778337240219116,-0.673133134841919,-0.21959534287452698,0.5106242299079895,-1.5764189958572388,1.0778611898422241,-0.4422290623188019
1760467550312818700,4.057818603515625,0.5010114312171936,-0.6721441149711609,-0.21672825515270233,0.5002387762069702,-1.5653003454208374,1.0980814695358276,-0.479145884513855
1760467550329577700,4.07457763671875,0.5122129321098328,-0.6733559370040894,-0.2094184011220932,0.49027910828590393,-1.5585216283798218,1.1087679862976074,-0.5167374610900879
1760467550346332400,4.09133251953125,0.5197687149047852,-0.6733953952789307,-0.20419719815254211,0.4844406545162201,-1.5487985610961914,1.114890456199646,-0.5458933711051941
1760467550363079700,4.10807958984375,0.5231894850730896,-0.6702783107757568,-0.2050064653158188,0.48473936319351196,-1.5308488607406616,1.1200323104858398,-0.5626713037490845
1760467550379875600,4.12487548828125,0.5242835879325867,-0.6661445498466492,-0.20992402732372284,0.4871448576450348,-1.5140451192855835,1.1267578601837158,-0.5680771470069885
1760467550396600300,4.141600341796875,0.5277626514434814,-0.6598898768424988,-0.2081725150346756,0.4926217496395111,-1.4725608825683594,1.1235259771347046,-0.602864682674408
1760467550413373000,4.158373046875,0.5313891172409058,-0.6551753282546997,-0.21067248284816742,0.4939514994621277,-1.4468929767608643,1.1300418376922607,-0.6229512095451355
1760467550430161700,4.17516162109375,0.5316020250320435,-0.650736927986145,-0.2127108871936798,0.49869319796562195,-1.4238520860671997,1.1290842294692993,-0.6344152092933655
1760467550446915800,4.191915771484375,0.5283200144767761,-0.6474366784095764,-0.21364553272724152,0.5060229897499084,-1.4084101915359497,1.1205193996429443,-0.6346591114997864
1760467550463685000,4.20868505859375,0.5232596397399902,-0.6514381766319275,-0.20955921709537506,0.5078510046005249,-1.4283846616744995,1.107518196105957,-0.6166804432868958
1760467550480425700,4.22542578125,0.5193242430686951,-0.6571192741394043,-0.20276695489883423,0.507328450679779,-1.4526166915893555,1.093531847000122,-0.6028586030006409
1760467550497183000,4.242182861328125,0.5150014758110046,-0.6606910228729248,-0.19990715384483337,0.508230447769165,-1.4701011180877686,1.0837336778640747,-0.5872517228126526
1760467550513977600,4.2589775390625,0.5106882452964783,-0.6621406078338623,-0.19914910197257996,0.5109862685203552,-1.4784746170043945,1.0754828453063965,-0.5742260217666626
1760467550530739700,4.27573974609375,0.5074560642242432,-0.6611717939376831,-0.20037932693958282,0.5149645209312439,-1.4760210514068604,1.0704319477081299,-0.5670004487037659
1760467550547479800,4.292479736328125,0.5050686001777649,-0.6596260666847229,-0.20177511870861053,0.5187351107597351,-1.4704923629760742,1.066776990890503,-0.5630956292152405
1760467550564271400,4.309271240234375,0.49941492080688477,-0.6606935262680054,-0.19845716655254364,0.5241026878356934,-1.473600149154663,1.0510480403900146,-0.5539062023162842
1760467550581006000,4.326006103515625,0.48373547196388245,-0.6615760326385498,-0.17462827265262604,0.5457307696342468,-1.4562395811080933,0.9802842140197754,-0.5624643564224243
1760467550597774800,4.34277490234375,0.4760954976081848,-0.6639672517776489,-0.16887839138507843,0.551326334476471,-1.4639875888824463,0.9586870670318604,-0.5507656931877136
1760467550614532600,4.35953271484375,0.46580764651298523,-0.665955126285553,-0.1631648689508438,0.5593785643577576,-1.4703623056411743,0.9322378635406494,-0.534843385219574
1760467550631316200,4.376316162109375,0.4531604051589966,-0.6670661568641663,-0.15375667810440063,0.570988118648529,-1.4702986478805542,0.8949253559112549,-0.5228201746940613
1760467550648052700,4.393052734375,0.44142085313796997,-0.6692423820495605,-0.14082267880439758,0.5808883905410767,-1.4722667932510376,0.8547999262809753,-0.5168542265892029
1760467550664851700,4.409851806640625,0.4301036298274994,-0.6736337542533875,-0.12460678815841675,0.5879639387130737,-1.4814215898513794,0.8124776482582092,-0.5136221647262573
1760467550681614600,4.426614501953125,0.42685920000076294,-0.6789085268974304,-0.11800561845302582,0.5856186747550964,-1.4984654188156128,0.8006507754325867,-0.5097283720970154
1760467550698351000,4.44335107421875,0.4220312237739563,-0.6821720600128174,-0.1059977263212204,0.5876185297966003,-1.5051668882369995,0.7759133577346802,-0.5146892666816711
1760467550715104500,4.4601044921875,0.41974401473999023,-0.6837102174758911,-0.09484304487705231,0.5893727540969849,-1.5060511827468872,0.7556506991386414,-0.5254532098770142
1760467550731898000,4.476898193359375,0.4184551537036896,-0.6846121549606323,-0.08685805648565292,0.5904721021652222,-1.5062977075576782,0.7416880130767822,-0.5339334011077881
1760467550748644400,4.493644287109375,0.42066431045532227,-0.6864745616912842,-0.08662383258342743,0.5867629051208496,-1.512860655784607,0.7466803193092346,-0.5358452796936035
1760467550765427000,4.510427001953125,0.42312127351760864,-0.6889764070510864,-0.0902242511510849,0.5814976692199707,-1.5234582424163818,0.7586902976036072,-0.5314038991928101
1760467550782145300,4.527145263671875,0.4258033335208893,-0.6900867819786072,-0.09747351706027985,0.5770362019538879,-1.5307865142822266,0.775641143321991,-0.5234230756759644
1760467550798930400,4.543930419921875,0.43009474873542786,-0.6927694082260132,-0.11203788965940475,0.5679231286048889,-1.549024224281311,0.8083822727203369,-0.503574013710022
1760467550815717000,4.560717041015625,0.4352804124355316,-0.6909120082855225,-0.125083327293396,0.5634942650794983,-1.5499119758605957,0.8367178440093994,-0.49413102865219116
1760467550832452000,4.5774521484375,0.4421168863773346,-0.6872238516807556,-0.1396644115447998,0.559240460395813,-1.5453280210494995,0.8693017959594727,-0.4879196286201477
1760467550849221600,4.5942216796875,0.450700968503952,-0.6821446418762207,-0.15494030714035034,0.5545637607574463,-1.5362118482589722,0.9055019021034241,-0.486310213804245
1760467550865982200,4.610982177734375,0.4604572653770447,-0.6772556304931641,-0.16936853528022766,0.5482866168022156,-1.5277364253997803,0.9431629180908203,-0.4883553981781006
1760467550882742300,4.6277421875,0.47009119391441345,-0.6733249425888062,-0.18216261267662048,0.5407999753952026,-1.5225385427474976,0.979242742061615,-0.49141550064086914
1760467550899542300,4.644542236328125,0.4727020263671875,-0.6772443652153015,-0.19011233747005463,0.5308013558387756,-1.5515217781066895,1.0011528730392456,-0.4701264202594757
1760467550916301800,4.6613017578125,0.4822752773761749,-0.6762527227401733,-0.19658005237579346,0.5210078954696655,-1.5551155805587769,1.0296512842178345,-0.477358341217041
1760467550933060400,4.678060302734375,0.49221140146255493,-0.6764209270477295,-0.19865533709526062,0.5106062889099121,-1.5587180852890015,1.0526798963546753,-0.49189624190330505
1760467550949827600,4.69482763671875,0.501976490020752,-0.6774532198905945,-0.19497902691364288,0.5010588765144348,-1.558211326599121,1.0665174722671509,-0.5170940160751343
1760467550966584800,4.711584716796875,0.5113816261291504,-0.6769242882728577,-0.1878315508365631,0.494956374168396,-1.5436358451843262,1.0722323656082153,-0.5549062490463257
1760467550983354600,4.728354736328125,0.5177596211433411,-0.6745601892471313,-0.18251106142997742,0.49354156851768494,-1.521938681602478,1.0730769634246826,-0.5880423784255981
1760467551008467200,4.75346728515625,0.5207781195640564,-0.6701213717460632,-0.1805265098810196,0.4971294701099396,-1.494217872619629,1.0705389976501465,-0.6127045750617981
1760467551025216000,4.770216064453125,0.5203887224197388,-0.6655133366584778,-0.18236541748046875,0.5030212998390198,-1.4717543125152588,1.067751407623291,-0.6217483282089233
1760467551042019000,4.78701904296875,0.5193591117858887,-0.6603446006774902,-0.1870751678943634,0.5091306567192078,-1.4502837657928467,1.0683422088623047,-0.6250134706497192
1760467551058760700,4.8037607421875,0.5198528170585632,-0.6535868644714355,-0.1884201616048813,0.5167930722236633,-1.4164085388183594,1.063963770866394,-0.6429052948951721
1760467551075543600,4.82054345703125,0.5165252089500427,-0.6514677405357361,-0.18935096263885498,0.5224344730377197,-1.4084093570709229,1.0569207668304443,-0.6385652422904968
1760467551092312600,4.8373125,0.5118793845176697,-0.657624363899231,-0.18739616870880127,0.5199927091598511,-1.4398101568222046,1.0514382123947144,-0.6138084530830383
1760467551109076700,4.85407666015625,0.5104165077209473,-0.6632434725761414,-0.1814797967672348,0.5163800120353699,-1.4624663591384888,1.0441267490386963,-0.606245756149292
1760467551125826600,4.87082666015625,0.5076119303703308,-0.6656415462493896,-0.18063582479953766,0.5163547396659851,-1.4747017621994019,1.039832592010498,-0.5948007106781006
1760467551142602800,4.887602783203125,0.5034554600715637,-0.6642846465110779,-0.18439923226833344,0.5208219289779663,-1.473439335823059,1.0371417999267578,-0.5815602540969849
1760467551159361300,4.904361328125,0.5010766983032227,-0.6607787013053894,-0.18965832889080048,0.525664746761322,-1.4626208543777466,1.0384036302566528,-0.5752435922622681
1760467551176082700,4.921082763671875,0.5007485151290894,-0.656835675239563,-0.1936333328485489,0.529456377029419,-1.4475308656692505,1.0409005880355835,-0.577360987663269
1760467551192872200,4.9378720703125,0.49888283014297485,-0.6554034948348999,-0.19455957412719727,0.5326432585716248,-1.4421907663345337,1.0376275777816772,-0.5750255584716797
1760467551209666600,4.95466650390625,0.4646175503730774,-0.6695544123649597,-0.16088362038135529,0.5567261576652527,-1.4843926429748535,0.9294812679290771,-0.5289416909217834
1760467551226390000,4.97139013671875,0.45166194438934326,-0.6756564378738403,-0.15098702907562256,0.5627546310424805,-1.504582166671753,0.8951036334037781,-0.5081586837768555
1760467551243159800,4.988159912109375,0.437529981136322,-0.6800588965415955,-0.14395402371883392,0.570407509803772,-1.5191470384597778,0.8622632026672363,-0.48495638370513916
1760467551259946000,5.004946044921875,0.42209288477897644,-0.6840018630027771,-0.13445913791656494,0.5795686841011047,-1.5294206142425537,0.8231353759765625,-0.46570587158203125
1760467551276681000,5.021680908203125,0.4073254466056824,-0.6896828413009644,-0.12213442474603653,0.5860946178436279,-1.5442255735397339,0.7824448943138123,-0.45081502199172974
1760467551293446100,5.038446044921875,0.3963867127895355,-0.6966943740844727,-0.1078195869922638,0.5881068110466003,-1.562644124031067,0.7465898394584656,-0.44506165385246277
1760467551310239200,5.0552392578125,0.4096617102622986,-0.6890902519226074,-0.1132301613688469,0.586950421333313,-1.5363659858703613,0.7719150185585022,-0.4705057740211487
1760467551326992400,5.071992431640625,0.4056602716445923,-0.6909143924713135,-0.10188603401184082,0.5896579027175903,-1.5373276472091675,0.7487298250198364,-0.47897571325302124
1760467551343760600,5.0887607421875,0.40244460105895996,-0.6922284960746765,-0.09355451911687851,0.5916973352432251,-1.5383634567260742,0.731355607509613,-0.4846108853816986
1760467551360482800,5.10548291015625,0.40117236971855164,-0.6951316595077515,-0.08766879141330719,0.5900566577911377,-1.5465178489685059,0.7224096059799194,-0.48769864439964294
1760467551377279500,5.122279541015625,0.40549370646476746,-0.7010224461555481,-0.09182380884885788,0.5794055461883545,-1.5704278945922852,0.7408655285835266,-0.48062610626220703
1760467551394051800,5.1390517578125,0.4069845676422119,-0.7035254836082458,-0.0949091836810112,0.5748111009597778,-1.581611156463623,0.750162661075592,-0.4746275246143341
1760467551410814700,5.155814697265625,0.4115859270095825,-0.7074746489524841,-0.10586001724004745,0.5646860599517822,-1.6037311553955078,0.7781016230583191,-0.45819297432899475
1760467551427568000,5.172568115234375,0.4163164794445038,-0.7095146179199219,-0.11523104459047318,0.5567687749862671,-1.6188461780548096,0.8024765253067017,-0.4464840888977051
1760467551444326700,5.18932666015625,0.4207446873188019,-0.7102795839309692,-0.12238407135009766,0.5509073734283447,-1.6280457973480225,0.8220418095588684,-0.4396435618400574
1760467551461103000,5.20610302734375,0.4270307123661041,-0.7103419899940491,-0.13132253289222717,0.5438874363899231,-1.6368024349212646,0.8473443388938904,-0.43330469727516174
1760467551477857000,5.22285693359375,0.43484947085380554,-0.7095406651496887,-0.14195911586284637,0.5360089540481567,-1.6447389125823975,0.8776969909667969,-0.4271881580352783
1760467551494603000,5.23960302734375,0.44357284903526306,-0.707792341709137,-0.15395806729793549,0.5277973413467407,-1.6514424085617065,0.9115142822265625,-0.42092812061309814
1760467551511398400,5.2563984375,0.4539690315723419,-0.7053622603416443,-0.165432408452034,0.5186601281166077,-1.6562438011169434,0.9476248621940613,-0.4191693067550659
1760467551528158000,5.273157958984375,0.4655015766620636,-0.7033700346946716,-0.1733892560005188,0.5084438920021057,-1.6600931882858276,0.9811854362487793,-0.4253619313240051
1760467551544923100,5.289923095703125,0.47797149419784546,-0.7023735642433167,-0.17681199312210083,0.49694299697875977,-1.66349196434021,1.0106173753738403,-0.4407390356063843
1760467551561667000,5.3066669921875,0.48938819766044617,-0.7031051516532898,-0.1758054941892624,0.4850102365016937,-1.669559359550476,1.0327619314193726,-0.45999178290367126
1760467551578433500,5.32343359375,0.4995156526565552,-0.7043647766113281,-0.17215321958065033,0.4740440845489502,-1.674360752105713,1.0489472150802612,-0.4819866716861725
1760467551595212300,5.34021240234375,0.5089445114135742,-0.7026234865188599,-0.16825035214424133,0.46796122193336487,-1.660973072052002,1.0606273412704468,-0.5135470628738403
1760467551611975700,5.3569755859375,0.5160942077636719,-0.6974425911903381,-0.1656772494316101,0.4687982499599457,-1.6281979084014893,1.0659122467041016,-0.5499038696289062
1760467551628715300,5.37371533203125,0.5176534652709961,-0.6928232908248901,-0.16373632848262787,0.4745747745037079,-1.5987097024917603,1.0606948137283325,-0.5723518133163452
1760467551645507600,5.390507568359375,0.5125024914741516,-0.6902828216552734,-0.15930338203907013,0.4852558970451355,-1.5781700611114502,1.0394963026046753,-0.579533040523529
1760467551662240500,5.407240478515625,0.506538450717926,-0.6882984638214111,-0.1596052050590515,0.4941560924053192,-1.5678211450576782,1.0256261825561523,-0.5724585652351379
1760467551679017700,5.424017822265625,0.5012826323509216,-0.6865607500076294,-0.16139250993728638,0.5013008713722229,-1.5609709024429321,1.0162404775619507,-0.5628509521484375
1760467551695791400,5.440791259765625,0.4973563253879547,-0.6865880489349365,-0.16173860430717468,0.5050487518310547,-1.5616440773010254,1.0090563297271729,-0.5541197061538696
1760467551712527000,5.457527099609375,0.492318332195282,-0.6926806569099426,-0.15650740265846252,0.5033107399940491,-1.5866320133209229,0.9965142011642456,-0.5388491749763489
1760467551729305900,5.474305908203125,0.48655155301094055,-0.6997525095939636,-0.15094824135303497,0.5008280277252197,-1.6156703233718872,0.9829366207122803,-0.5211308002471924
1760467551746065400,5.4910654296875,0.4798676371574402,-0.7037457823753357,-0.1505431979894638,0.5018025040626526,-1.6345096826553345,0.9728537797927856,-0.4996354579925537
1760467551762808000,5.50780810546875,0.4753417372703552,-0.701672375202179,-0.15416713058948517,0.5078766345977783,-1.627650260925293,0.9678423404693604,-0.48919808864593506
1760467551779601700,5.5246015625,0.4744962155818939,-0.6954702138900757,-0.15992671251296997,0.5153620839118958,-1.6035430431365967,0.9699126482009888,-0.4910980761051178
1760467551796374000,5.5413740234375,0.4736363887786865,-0.6892495155334473,-0.16637367010116577,0.5224207639694214,-1.5805554389953613,0.9732906818389893,-0.4915383756160736
1760467551813112600,5.558112548828125,0.4711577296257019,-0.6849843859672546,-0.1706768125295639,0.5288442373275757,-1.5648858547210693,0.9719638824462891,-0.4884614646434784
1760467551829869000,5.574869140625,0.4573890268802643,-0.6873321533203125,-0.16186925768852234,0.5405257344245911,-1.5661815404891968,0.9335636496543884,-0.4746994972229004
1760467551846665700,5.591665771484375,0.4440470337867737,-0.6909042000770569,-0.15361374616622925,0.5494328737258911,-1.573833703994751,0.8984922766685486,-0.45856112241744995
1760467551863399200,5.608399169921875,0.43287551403045654,-0.6940434575080872,-0.14731813967227936,0.5560755133628845,-1.5813461542129517,0.8705894351005554,-0.44423651695251465
1760467551880147200,5.625147216796875,0.42059099674224854,-0.6972686648368835,-0.14000128209590912,0.5633110404014587,-1.588117241859436,0.8394237756729126,-0.430305540561676
1760467551896956000,5.641955810546875,0.4086622893810272,-0.7023311853408813,-0.13162009418010712,0.5678046345710754,-1.6014909744262695,0.8088613152503967,-0.41637399792671204
1760467551913690400,5.6586904296875,0.3982500731945038,-0.7098953723907471,-0.12205024808645248,0.5679341554641724,-1.6239032745361328,0.7811053395271301,-0.40387725830078125
1760467551930436000,5.67543603515625,0.389627605676651,-0.7179651856422424,-0.11037376523017883,0.5661572813987732,-1.6467385292053223,0.7538571953773499,-0.39819109439849854
1760467551947220000,5.692219970703125,0.38302677869796753,-0.7238392233848572,-0.09785501658916473,0.5654836297035217,-1.6606969833374023,0.7277220487594604,-0.4010947346687317
1760467551963979500,5.7089794921875,0.38604113459587097,-0.7234793901443481,-0.09352470189332962,0.5646263360977173,-1.656968116760254,0.7264213562011719,-0.4138374328613281
1760467551980723700,5.7257236328125,0.38463160395622253,-0.7233873009681702,-0.08810864388942719,0.566574215888977,-1.6532033681869507,0.7159247398376465,-0.421047568321228
1760467551997506000,5.742506103515625,0.38582277297973633,-0.7225295305252075,-0.08985254168510437,0.5665848851203918,-1.6510131359100342,0.7199604511260986,-0.421155720949173
1760467552014270700,5.759270751953125,0.3893624246120453,-0.7214438319206238,-0.09558489918708801,0.5646054744720459,-1.6506493091583252,0.733860969543457,-0.41845718026161194
1760467552031032300,5.7760322265625,0.3929363191127777,-0.7218409180641174,-0.10166219621896744,0.560545802116394,-1.6566593647003174,0.7494657039642334,-0.4129011929035187
1760467552047799300,5.79279931640625,0.3947402238845825,-0.7231422066688538,-0.10874936729669571,0.556254506111145,-1.6672366857528687,0.7641053199768066,-0.4010661542415619
1760467552064574000,5.809573974609375,0.3953441083431244,-0.7237198948860168,-0.11687587946653366,0.5534191131591797,-1.6760480403900146,0.7776396870613098,-0.38620927929878235
1760467552081324300,5.82632421875,0.39822548627853394,-0.7216564416885376,-0.1263570338487625,0.5519622564315796,-1.6760189533233643,0.7955556511878967,-0.37636449933052063
1760467552098088400,5.84308837890625,0.40489131212234497,-0.7160602807998657,-0.13838647305965424,0.5515161156654358,-1.6646313667297363,0.8219839930534363,-0.37354007363319397
1760467552114853400,5.859853271484375,0.41411831974983215,-0.7084846496582031,-0.1503654420375824,0.5513128638267517,-1.6454614400863647,0.8519861698150635,-0.37886694073677063
1760467552131602000,5.876601806640625,0.4259163439273834,-0.7015832662582397,-0.15939341485500336,0.548607349395752,-1.6263387203216553,0.8828007578849792,-0.39383459091186523
1760467552148376000,5.8933759765625,0.43074777722358704,-0.7093785405158997,-0.16423945128917694,0.5331639647483826,-1.6686793565750122,0.9047319889068604,-0.37497225403785706
1760467552165162200,5.910162353515625,0.43265897035598755,-0.7184917330741882,-0.16309978067874908,0.5195905566215515,-1.7113374471664429,0.9127916097640991,-0.35966765880584717
1760467552181890800,5.926890869140625,0.44389957189559937,-0.7195804119110107,-0.16376496851444244,0.5082699060440063,-1.7218817472457886,0.9362091422080994,-0.37212759256362915
1760467552198695000,5.94369482421875,0.4535174071788788,-0.7222394347190857,-0.1629524528980255,0.4961237609386444,-1.7386130094528198,0.9558171629905701,-0.3811587989330292
1760467552215454500,5.960454345703125,0.462668776512146,-0.7251805663108826,-0.1617007851600647,0.4836358428001404,-1.7571978569030762,0.9745431542396545,-0.3890538811683655
1760467552232179700,5.9771796875,0.4716968238353729,-0.7267237901687622,-0.16007256507873535,0.47302383184432983,-1.7685514688491821,0.991819441318512,-0.40101879835128784
1760467552248981800,5.993981689453125,0.4792868196964264,-0.7250277996063232,-0.15976567566394806,0.46807461977005005,-1.763180136680603,1.0057374238967896,-0.41728782653808594
1760467552265743600,6.01074365234375,0.4831559360027313,-0.720608651638031,-0.16310584545135498,0.46976590156555176,-1.7456510066986084,1.0151805877685547,-0.4278819262981415
1760467552282497000,6.0274970703125,0.483343243598938,-0.7159292101860046,-0.1648564338684082,0.47607478499412537,-1.7217799425125122,1.014178991317749,-0.4381864666938782
1760467552299257300,6.04425732421875,0.4819527268409729,-0.711870014667511,-0.16365420818328857,0.48392152786254883,-1.6964101791381836,1.0057560205459595,-0.45114362239837646
1760467552316009200,6.06100927734375,0.482027530670166,-0.7065861225128174,-0.16615353524684906,0.4906919002532959,-1.6712387800216675,1.0051610469818115,-0.4606570303440094
1760467552332772000,6.077772216796875,0.4812374413013458,-0.6989808082580566,-0.17287716269493103,0.4999499022960663,-1.6400188207626343,1.0077093839645386,-0.46530571579933167
1760467552349561900,6.094561767578125,0.47139203548431396,-0.6948007941246033,-0.18215912580490112,0.5117220878601074,-1.6297988891601562,1.0000107288360596,-0.43832847476005554
1760467552366299400,6.11129931640625,0.46271198987960815,-0.7034892439842224,-0.17460647225379944,0.5104048848152161,-1.6617666482925415,0.9777926802635193,-0.4176390767097473
1760467552383087600,6.128087646484375,0.463663250207901,-0.7148844003677368,-0.15435898303985596,0.5001299977302551,-1.6921919584274292,0.9567622542381287,-0.4355405271053314
1760467552399852500,6.1448525390625,0.465326726436615,-0.722711443901062,-0.1409960687160492,0.4912019670009613,-1.715572476387024,0.9460456967353821,-0.44797056913375854
1760467552416589300,6.16158935546875,0.46644654870033264,-0.7266755700111389,-0.13373856246471405,0.4862965941429138,-1.7273859977722168,0.9407222867012024,-0.4556809067726135
1760467552433352700,6.178352783203125,0.46935197710990906,-0.7278476357460022,-0.1286398321390152,0.48311322927474976,-1.7284791469573975,0.9399501085281372,-0.46831727027893066
1760467552450143500,6.1951435546875,0.474526047706604,-0.7275878190994263,-0.1253691017627716,0.4792948365211487,-1.72548246383667,0.9453403353691101,-0.4840196967124939
1760467552466902800,6.21190283203125,0.4866292476654053,-0.7131513357162476,-0.11826839298009872,0.4905300736427307,-1.6478744745254517,0.9443380236625671,-0.5545787811279297
1760467552483644700,6.228644775390625,0.4904833734035492,-0.704687774181366,-0.10342827439308167,0.5021392703056335,-1.594815969467163,0.9192484617233276,-0.6088245511054993
1760467552500428000,6.245427978515625,0.49012449383735657,-0.7058104872703552,-0.09386482834815979,0.5027911067008972,-1.5933879613876343,0.9047307372093201,-0.6226648092269897
1760467552517194800,6.26219482421875,0.48408040404319763,-0.7106075286865234,-0.08114507794380188,0.5041018128395081,-1.6069868803024292,0.8785170316696167,-0.623577356338501
1760467552533932500,6.2789326171875,0.4740203320980072,-0.7164161205291748,-0.06289675086736679,0.5080322027206421,-1.6222492456436157,0.8376891613006592,-0.6249599456787109
1760467552550705200,6.295705078125,0.46808362007141113,-0.7233292460441589,-0.049825988709926605,0.5051831603050232,-1.6457463502883911,0.8146706223487854,-0.6239485144615173
1760467552567487700,6.31248779296875,0.4615236818790436,-0.7329146862030029,-0.033093441277742386,0.49873533844947815,-1.6795964241027832,0.7888235449790955,-0.6241957545280457
1760467552584247600,6.32924755859375,0.4555458426475525,-0.7444717288017273,-0.01356176845729351,0.48790982365608215,-1.7220505475997925,0.7635854482650757,-0.6278814077377319
1760467552600985000,6.345985107421875,0.45031875371932983,-0.7555952668190002,0.007490728981792927,0.4756392538547516,-1.764020562171936,0.7387869954109192,-0.6369683742523193
1760467552617749000,6.3627490234375,0.44526323676109314,-0.76471346616745,0.028524719178676605,0.4649088978767395,-1.799208164215088,0.7134877443313599,-0.6501138806343079
1760467552634509600,6.379509521484375,0.4590109586715698,-0.7630133032798767,0.023195374757051468,0.45451241731643677,-1.798232078552246,0.7469143867492676,-0.664754331111908
1760467552651302700,6.396302734375,0.45654788613319397,-0.7666008472442627,0.037044450640678406,0.45001643896102905,-1.8120663166046143,0.7296902537345886,-0.6783006191253662
1760467552668042500,6.41304248046875,0.45793867111206055,-0.7649557590484619,0.04708770662546158,0.4504636228084564,-1.8050472736358643,0.7184028029441833,-0.6993144154548645
1760467552684813800,6.429813720703125,0.45972251892089844,-0.7614237666130066,0.054633915424346924,0.453766793012619,-1.790467381477356,0.7082493901252747,-0.719315230846405
1760467552701590500,6.446590576171875,0.4624480605125427,-0.7591201066970825,0.06292036175727844,0.4537835717201233,-1.7823266983032227,0.7010269165039062,-0.7399173974990845
1760467552718313000,6.46331298828125,0.4663286507129669,-0.7580543160438538,0.0738707110285759,0.4499271810054779,-1.7809607982635498,0.6951908469200134,-0.7646442651748657
1760467552735088000,6.480088134765625,0.470052033662796,-0.7586566805839539,0.08445718884468079,0.44312310218811035,-1.787346363067627,0.6923741102218628,-0.7862191796302795
1760467552751855000,6.496855224609375,0.47371426224708557,-0.7596270442008972,0.09327076375484467,0.43573200702667236,-1.795451283454895,0.6924310326576233,-0.8044493198394775
1760467552768644400,6.513644287109375,0.4798036515712738,-0.7593421936035156,0.10126426815986633,0.427707314491272,-1.799359917640686,0.6971657276153564,-0.8270541429519653
1760467552785363500,6.530363525390625,0.48958584666252136,-0.7569113373756409,0.10847065597772598,0.41907626390457153,-1.7956063747406006,0.707888662815094,-0.857567310333252
1760467552802188000,6.54718798828125,0.5021259784698486,-0.7524287104606628,0.11438773572444916,0.410653293132782,-1.7837518453598022,0.7230579853057861,-0.8940343856811523
1760467552818931700,6.563931640625,0.5140173435211182,-0.7478170394897461,0.11961042881011963,0.4028017818927765,-1.7708314657211304,0.7374778389930725,-0.929220974445343
1760467552835680000,6.580679931640625,0.524339497089386,-0.7441465854644775,0.12488031387329102,0.3946124315261841,-1.7615522146224976,0.7502371072769165,-0.9610000848770142
1760467552852463900,6.5974638671875,0.5336182713508606,-0.7413384318351746,0.1329466998577118,0.38470014929771423,-1.7574515342712402,0.7599624991416931,-0.9942367076873779
1760467552869201000,6.614200927734375,0.5429322123527527,-0.7383538484573364,0.1459130048751831,0.37251538038253784,-1.7562304735183716,0.7657009363174438,-1.0352718830108643
1760467552885961000,6.6309609375,0.5528454780578613,-0.7345373630523682,0.16455461084842682,0.3574053645133972,-1.7570785284042358,0.7677885890007019,-1.0871243476867676
1760467552902751000,6.6477509765625,0.5633803606033325,-0.7295500040054321,0.18790437281131744,0.3391922414302826,-1.7597068548202515,0.7678037285804749,-1.148922085762024
1760467552919483400,6.6644833984375,0.5773824453353882,-0.7069200277328491,0.22368648648262024,0.3418451249599457,-1.7042229175567627,0.7253456711769104,-1.2538824081420898
1760467552936260000,6.681260009765625,0.5862895846366882,-0.6972200274467468,0.25596627593040466,0.32346582412719727,-1.7074130773544312,0.7101572155952454,-1.329097032546997
1760467552953037800,6.698037841796875,0.591212272644043,-0.6856825351715088,0.29078376293182373,0.3094387948513031,-1.7122992277145386,0.6825945377349854,-1.4000763893127441
1760467552969787100,6.714787109375,0.5891040563583374,-0.6751019358634949,0.32727813720703125,0.3001382648944855,-1.728479027748108,0.6421932578086853,-1.4560433626174927
1760467552986556700,6.731556640625,0.5828011631965637,-0.6632400155067444,0.3641674220561981,0.2963741719722748,-1.7463301420211792,0.5910273790359497,-1.5039691925048828
1760467553003305200,6.74830517578125,0.5763543248176575,-0.6462665796279907,0.40022122859954834,0.2999635934829712,-1.7521339654922485,0.529212236404419,-1.553097128868103
1760467553020047400,6.76504736328125,0.5708287358283997,-0.623643159866333,0.4347153604030609,0.31023600697517395,-1.7454124689102173,0.4581149220466614,-1.6038564443588257
1760467553036839400,6.78183935546875,0.5655208230018616,-0.5967021584510803,0.4660566449165344,0.3269922137260437,-1.7291820049285889,0.3791179656982422,-1.6505858898162842
1760467553053584100,6.798584228515625,0.5616540908813477,-0.5662448406219482,0.49122345447540283,0.35015860199928284,-1.700675129890442,0.296375036239624,-1.689762830734253
1760467553070349600,6.815349609375,0.5582514405250549,-0.5371043682098389,0.5015884637832642,0.3850758373737335,-1.6529221534729004,0.21503271162509918,-1.7006133794784546
1760467553087114200,6.8321142578125,0.5597735643386841,-0.5046970248222351,0.5047174096107483,0.4209452271461487,-1.589903473854065,0.14057791233062744,-1.708762526512146
1760467553103873800,6.848873779296875,0.5646001696586609,-0.47160446643829346,0.5004273056983948,0.4564957618713379,-1.5162897109985352,0.07572238147258759,-1.710045337677002
1760467553120669200,6.865669189453125,0.5748533010482788,-0.4338582456111908,0.4946642518043518,0.48643407225608826,-1.4362212419509888,0.01756749488413334,-1.7216895818710327
1760467553137449200,6.88244921875,0.5817697048187256,-0.39868924021720886,0.47794395685195923,0.5236034393310547,-1.343459129333496,-0.036623768508434296,-1.705061912536621
1760467553154191000,6.899191162109375,0.5886545181274414,-0.3615795075893402,0.45688825845718384,0.5603564381599426,-1.2427117824554443,-0.08645739406347275,-1.6819615364074707
1760467553170964000,6.9159638671875,0.5970250368118286,-0.32124078273773193,0.4315902292728424,0.5950592160224915,-1.1321923732757568,-0.13043546676635742,-1.6570531129837036
1760467553187727000,6.93272705078125,0.6082643866539001,-0.2754003405570984,0.4012943208217621,0.6270023584365845,-1.007660984992981,-0.16899579763412476,-1.6337800025939941
1760467553204488700,6.94948876953125,0.626350998878479,-0.22310298681259155,0.3680901825428009,0.6499378085136414,-0.8732818961143494,-0.2003270983695984,-1.6275736093521118
1760467553221255700,6.966255615234375,0.6463035345077515,-0.17229153215885162,0.3316047191619873,0.6653162240982056,-0.7398641705513,-0.2203167825937271,-1.627537488937378
1760467553237992200,6.9829921875,0.6700710654258728,-0.13557608425617218,0.2760407626628876,0.6755926012992859,-0.5986511707305908,-0.1924772411584854,-1.6221543550491333
1760467553254777300,6.99977734375,0.6871609687805176,-0.09666099399328232,0.24378301203250885,0.6775222420692444,-0.49539506435394287,-0.19880041480064392,-1.6353524923324585
1760467553271547100,7.016547119140625,0.7003054618835449,-0.06237475574016571,0.22024834156036377,0.6761453151702881,-0.41351717710494995,-0.21206286549568176,-1.6505393981933594
1760467553288306700,7.033306640625,0.7118200063705444,-0.030416171997785568,0.20178934931755066,0.6720627546310425,-0.3437604606151581,-0.2299496978521347,-1.6683273315429688
1760467553305063200,7.050063232421875,0.7233821749687195,-0.001850808970630169,0.18576429784297943,0.6649860739707947,-0.2834811806678772,-0.2468840330839157,-1.6902748346328735
1760467553321829400,7.066829345703125,0.7345709800720215,0.02187386155128479,0.17075450718402863,0.6563307046890259,-0.2318979799747467,-0.2591703236103058,-1.7135345935821533
1760467553338601000,7.08360107421875,0.745137631893158,0.041947141289711,0.15696369111537933,0.6468175053596497,-0.18744170665740967,-0.2687914967536926,-1.7372485399246216
1760467553355360800,7.10036083984375,0.7547412514686584,0.05833858624100685,0.14580373466014862,0.6369486451148987,-0.15214888751506805,-0.2773418426513672,-1.7609490156173706
1760467553372120800,7.117120849609375,0.762771487236023,0.06936278194189072,0.1382685899734497,0.6278935074806213,-0.12932811677455902,-0.28322309255599976,-1.7826308012008667
1760467553388889600,7.1338896484375,0.7694143056869507,0.07662510126829147,0.13095742464065552,0.620468020439148,-0.11111168563365936,-0.2842344343662262,-1.8002251386642456
1760467553405647600,7.150647705078125,0.7746544480323792,0.08211369812488556,0.1215800791978836,0.615131139755249,-0.09102070331573486,-0.2804570198059082,-1.8122183084487915
1760467553422390000,7.16739013671875,0.7787531018257141,0.0875706896185875,0.11122162640094757,0.6111503839492798,-0.06884519755840302,-0.2758221924304962,-1.8203681707382202
1760467553439178800,7.1841787109375,0.7822248339653015,0.09491651505231857,0.10139784961938858,0.6073167324066162,-0.04505188763141632,-0.27511054277420044,-1.8274661302566528
1760467553455955200,7.200955078125,0.7857027053833008,0.10325805097818375,0.09356728196144104,0.6027058362960815,-0.02347099967300892,-0.27863895893096924,-1.8361839056015015
1760467553472720100,7.21772021484375,0.7891205549240112,0.11046794056892395,0.08719614893198013,0.5978984832763672,-0.005746904760599136,-0.2823505699634552,-1.8456169366836548
1760467553489466000,7.234466064453125,0.7914097905158997,0.11311940848827362,0.08275752514600754,0.5950008034706116,0.0037701509427279234,-0.28122133016586304,-1.8517245054244995
1760467553506205700,7.251205810546875,0.7925176620483398,0.11251156032085419,0.08012352138757706,0.5940009951591492,0.006929643917828798,-0.27705249190330505,-1.8542499542236328
1760467553522978000,7.26797802734375,0.7938447594642639,0.11248191446065903,0.07716134935617447,0.5926250219345093,0.011228309012949467,-0.2734364867210388,-1.8575009107589722
1760467553539728400,7.284728271484375,0.7964075803756714,0.1145249456167221,0.07224604487419128,0.5894060730934143,0.020684482529759407,-0.2708822190761566,-1.8645284175872803
1760467553556498400,7.30149853515625,0.8006076216697693,0.1178915798664093,0.0668829157948494,0.5836571455001831,0.0316762737929821,-0.2701159417629242,-1.877414584159851
1760467553573283000,7.318282958984375,0.8051323294639587,0.11997108161449432,0.06479658931493759,0.5772089958190918,0.035461366176605225,-0.27130356431007385,-1.8927793502807617
1760467553590047500,7.335047607421875,0.8085500597953796,0.1209278553724289,0.06565888971090317,0.572111964225769,0.03344612941145897,-0.27410030364990234,-1.9053924083709717
1760467553606782700,7.35178271484375,0.8107632398605347,0.1218184381723404,0.06734876334667206,0.5685837268829346,0.030492698773741722,-0.2776730954647064,-1.9141430854797363
1760467553623575800,7.368575927734375,0.8128767609596252,0.12403535097837448,0.0682133361697197,0.5649722814559937,0.030466925352811813,-0.28246957063674927,-1.9224978685379028
1760467553640331800,7.385331787109375,0.8158800601959229,0.12688742578029633,0.06760290265083313,0.5600618720054626,0.03317782282829285,-0.2866843640804291,-1.9336540699005127
1760467553657079800,7.402079833984375,0.8197492957115173,0.1295860856771469,0.06530280411243439,0.5540345311164856,0.038113921880722046,-0.2888147234916687,-1.947371244430542
1760467553673860400,7.4188603515625,0.8236456513404846,0.13182860612869263,0.06235165894031525,0.5480342507362366,0.04361021891236305,-0.2895299792289734,-1.9610167741775513
1760467553690631000,7.435630859375,0.8264090418815613,0.1331043392419815,0.05991876870393753,0.5438210368156433,0.047734469175338745,-0.289181113243103,-1.9706099033355713
1760467553707371500,7.45237158203125,0.8275869488716125,0.13395898044109344,0.05966297164559364,0.5418443083763123,0.04846534505486488,-0.29044798016548157,-1.975119709968567
1760467553724134700,7.469134765625,0.8282856941223145,0.135258749127388,0.06013375520706177,0.5403996706008911,0.048667654395103455,-0.2932429909706116,-1.9782387018203735
1760467553740891400,7.485891357421875,0.8297962546348572,0.13557611405849457,0.05973189324140549,0.5380422472953796,0.04886874184012413,-0.29347217082977295,-1.9838653802871704
1760467553757679600,7.5026796875,0.8322142362594604,0.1359902024269104,0.05692781135439873,0.53449547290802,0.05287106707692146,-0.29130375385284424,-1.9920096397399902
1760467553774443500,7.519443603515625,0.834511399269104,0.13967593014240265,0.05198032408952713,0.5304521918296814,0.0641937181353569,-0.29241806268692017,-1.99970281124115
1760467553791178500,7.536178466796875,0.8353307247161865,0.14490757882595062,0.050272949039936066,0.5279176235198975,0.07229053974151611,-0.29963499307632446,-2.0034608840942383
1760467553807973400,7.552973388671875,0.8359880447387695,0.14755117893218994,0.05192134529352188,0.5259817242622375,0.0718032494187355,-0.30607813596725464,-2.0073225498199463
1760467553824706800,7.569706787109375,0.8367916345596313,0.15142874419689178,0.05013354495167732,0.5237706899642944,0.07856965065002441,-0.3109314739704132,-2.0107405185699463
1760467553841496600,7.58649658203125,0.8386748433113098,0.1519678682088852,0.052067480981349945,0.5204032063484192,0.07455006241798401,-0.3142417073249817,-2.0190539360046387
